path,en-us,zh-hk,zh-cn,ja-jp,es-es,de-de,,,,,,,,,,,,,,,,,,,,,
views/searchFlight/directFlightsOnly,Direct Flights,僅顯示直航,仅显示直航,直行便,Direct Flights,Direct Flights,,,,,,,,,,,,,,,,,,,,,
views/selectFlight/holdOnMsg,"Hold on, we are requesting { carriersCode } flight results for you.",請稍等，我們正為您查詢 { carriersCode } 的航班結果,请稍等，我们正为您查询 { carriersCode } 的航班結果,少々お待ちください { carriersCode }フライトの結果,"Hold on, we are requesting { carriersCode } flight results for you.","Hold on, we are requesting { carriersCode } flight results for you.",,,,,,,,,,,,,,,,,,,,,
views/selectFlight/editDetailReminder/content,You will be redirected to Search Flight page to edit.,您將被重定向到搜索航班頁面進行編輯,您将被重定向到搜索航班页面进行编辑,フライトの検索ページに移動し、編集を行います。,You will be redirected to Search Flight page to edit.,You will be redirected to Search Flight page to edit.,,,,,,,,,,,,,,,,,,,,,
views/completeBooking/title,Shipment Details,貨物資料,货物资料,貨物詳細,Shipment Details,Shipment Details,,,,,,,,,,,,,,,,,,,,,
views/completeBooking/disclaimer/content1,Rates shown are for reference only.,以上價格僅作參考用途。,以上价格仅作参考用途。,表示運賃はあくまでも参考です。,Rates shown are for reference only.,Rates shown are for reference only.,,,,,,,,,,,,,,,,,,,,,
views/completeBooking/disclaimer/content2,"The final rates are subject to the airlines availability, actual shipment size, surcharges and other factors.",最終訂艙價格可能會因應航空公司的艙位供應、實際貨物量、附加費等其他因素而有所調整。,最终订舱价格可能会因应航空公司的舱位供应、实际货物量、附加费等其他因素而有所调整。,最終的な運賃は航空会社の供給状況、実際の貨物サイズ、サーチャージなどの他の要因によって変更される場合があります,"The final rates are subject to the airlines availability, actual shipment size, surcharges and other factors.","The final rates are subject to the airlines availability, actual shipment size, surcharges and other factors.",,,,,,,,,,,,,,,,,,,,,
views/completeBooking/rateChangedReminder/title,Rate Changed,價格變更,价格变更,運賃が変更されました,Rate Changed,Rate Changed,,,,,,,,,,,,,,,,,,,,,
views/completeBooking/rateChangedReminder/content1,The rate is no longer valid. Please contact airline to get the updated rate.,價格無效。 請聯繫航空公司以獲取最新價格。,價格無效。 請聯繫航空公司以獲取最新價格。,運賃は無効です。最新の運賃については航空会社にお問い合わせください,The rate is no longer valid. Please contact airline to get the updated rate.,The rate is no longer valid. Please contact airline to get the updated rate.,,,,,,,,,,,,,,,,,,,,,
views/completeBooking/flightNotAvailableReminder/content2,The selected flight is not available for Special Handling Code,所選航班不適用於特殊處理代碼,所选航班不适用于特殊处理代码,選択されたフライトはスペシャルハンドリングコードではご利用いただけません。,The selected flight is not available for SHC.,The selected flight is not available for SHC.,,,,,,,,,,,,,,,,,,,,,
views/completeBooking/timeoutNotify,The booking session has timed out.  You are now redirected to see the latest airline offers and book again.,訂艙時限已過。您將被重定向查看航空公司的最新航班及價格以再次訂艙,订舱时限已过。您将被重定向查看航空公司的最新航班及价格以再次订舱,予約セッションの有効期限が切れました。最新の航空会社のオファーを確認して再度ご予約ください。,The booking session has timed out.  You are now redirected to see the latest airline offers and book again.,The booking session has timed out.  You are now redirected to see the latest airline offers and book again.,,,,,,,,,,,,,,,,,,,,,
views/bookingResult/awbNumber,AWB number,空運提單號碼,空运提单号码,AWB番号,Número de conocimiento aéreo,AWB-Nummer,,,,,,,,,,,,,,,,,,,,,
views/bookingResult/status/acknowledgement,Acknowledgement,Acknowledgement,Acknowledgement,ご挨拶,Acknowledgement,Acknowledgement,,,,,,,,,,,,,,,,,,,,,
views/bookingResult/message/spaceRequestReceived,Space Request Received,Space Request Received,Space Request Received,スペース依頼の受付,Space Request Received,Space Request Received,,,,,,,,,,,,,,,,,,,,,
views/bookingResult/message/off,Offload,Offload,Offload,オフロード,Offload,Offload,,,,,,,,,,,,,,,,,,,,,
views/bookingResult/message/againstAllotment,Space Confirm against allotment,Space Confirm against allotment,Space Confirm against allotment,割り当てに対するスペースの確認,Space Confirm against allotment,Space Confirm against allotment,,,,,,,,,,,,,,,,,,,,,
views/bookingResult/message/notConfirm,Not Confirm,Not Confirm,Not Confirm,未確認,Not Confirm,Not Confirm,,,,,,,,,,,,,,,,,,,,,
views/bookingResult/message/notExist,Flight does not exist,Flight does not exist,Flight does not exist,フライトが存在しません,Flight does not exist,Flight does not exist,,,,,,,,,,,,,,,,,,,,,
components/flightDetails/full,full,滿額,满额,満杯、完売,full,full,,,,,,,,,,,,,,,,,,,,,
components/rateDetails/allInFreightCost,All-in Freight Rate,全含運費,全含运费,All-in 運賃,All-in Freight Rate,All-in Freight Rate,,,,,,,,,,,,,,,,,,,,,
components/rateDetails/airFreightCost,Air Freight Rate,空運費用,空运费用,航空運賃,Air Freight Rate,Air Freight Rate,,,,,,,,,,,,,,,,,,,,,
components/rateDetails/surcharge,Surcharge,附加費用,附加费用,サーチャージ,Surcharge,Surcharge,,,,,,,,,,,,,,,,,,,,,
components/rateDetails/securityCharge,Security Charge,附加費用,附加费用,セキュリティチャージ,Security Charge,Security Charge,,,,,,,,,,,,,,,,,,,,,
components/rateDetails/noRateDescription1,"The rate is currently not available, please contact { airlineFullName } for the rate information. ",目前無法提供價格概要，請聯繫{ airlineFullName }獲取價格資訊。 ,目前无法提供价格概要，请联系{ airlineFullName }获取价格资讯。,現在はその運賃を提供できません。運賃情報については、{ airlineFullName  }にお問い合わせください。,"The rate is currently not available, please contact { airlineFullName } for the rate information. ","The rate is currently not available, please contact { airlineFullName } for the rate information. ",,,,,,,,,,,,,,,,,,,,,
components/rateDetails/noRateDescription2,You can continue to submit the booking without rate.,你仍可在沒有價格的情況下，繼續提交訂艙。,你仍可在没有价格的情况下，继续提交订舱。,運賃なしで予約の送信を続けることができます。,You can continue to submit the booking without rate.,You can continue to submit the booking without rate.,,,,,,,,,,,,,,,,,,,,,
components/booking/airwayBill,Air Waybill,空運提單,空运提单,AWB,Conocimiento aéreo no válido,AWB,,,,,,,,,,,,,,,,,,,,,
components/booking/invalidAirwayBill,Invalid Air Waybill no.,空運提單號碼無效,无效空运提单号码,AWB番号が無効です,Conocimiento aéreo no válido,Ungültige AWB-Nummer,,,,,,,,,,,,,,,,,,,,,
components/booking/airwayBillIsUsed,Air Waybill is already used. Please use another Air Waybill,此空運提單已被使用，請輸入新的提單號碼,此空运提单已被使用，请输入新的提单号码,このAWB番号は既に使用されています。別のAWB番号を使用してください,Air Waybill is already used. Please use another Air Waybill,Air Waybill is already used. Please use another Air Waybill,,,,,,,,,,,,,,,,,,,,,
components/booking/requireWarehouseCode,Please select warehouse code,請選擇倉庫代碼,请选择仓库代码,上屋コードを選択してください,Please select warehouse code,Please select warehouse code,,,,,,,,,,,,,,,,,,,,,
components/booking/ASPReminder,"In order to comply with HKSAR legal requirements, you are required to indicate the ASP quantity in this Goods Descriptions field.",為了遵守香港特別行政區的法律規定，您需要在 “貨品種類”欄內標註電子煙的數量。,为了遵守香港特别行政区的法律规定，您需要在 “货品种类”栏内标注电子烟的数量。,HKSARの法的要件を遵守するため、この商品説明欄にASPの数量を記載する必要があります。,"In order to comply with HKSAR legal requirements, you are required to indicate the ASP quantity in this Goods Descriptions field.","In order to comply with HKSAR legal requirements, you are required to indicate the ASP quantity in this Goods Descriptions field.",,,,,,,,,,,,,,,,,,,,,
components/shipmentDetail/perItem,Per Item,每件,每件,品目毎,Per Item,Per Item,,,,,,,,,,,,,,,,,,,,,
components/settings/serviceMode,Service Mode,運貨模式,运货模式,サービスモード,Service Mode,Service Mode,,,,,,,,,,,,,,,,,,,,,
components/settings/oneStop,1 stop,1中轉站,1中转站,ワンストップ,1 stop,1 stop,,,,,,,,,,,,,,,,,,,,,
components/settings/twoStops,2 stops,2中轉站,2中转站,1回の経由,2 stops,2 stops,2 stops,,,,,,,,,,,,,,,,,,,,
components/settings/moreStops,3 or more stops,3或更多中轉站,3或更多中转站,2回以上の経由,3 or more stops,3 or more stops,,,,,,,,,,,,,,,,,,,,,
components/SQRequirements/adjustDimensionReminder,Please adjust the dimension to match the total volume or update the shipment details on Search Flight page.,請輸入正確尺寸以符合總體積或在搜索航班頁面上更新貨物資料。,請輸入正確尺寸以符合總體積或在搜索航班頁面上更新貨物資料。,総体積に合わせて寸法を調整するか、検索フライトページで貨物詳細を更新してください,Please adjust the dimension to match the total volume or update the shipment details on Search Flight page.,Please adjust the dimension to match the total volume or update the shipment details on Search Flight page.,,,,,,,,,,,,,,,,,,,,,
errorMessage/accessDenied,You do not have permission to access this function. Please contact your administrator for assistance.,您沒有訪問該功能的權限。請聯繫管理員尋求幫助。,您没有访问该功能的权限。请联系管理员寻求帮助。,この機能にアクセスする権限がありません。管理者へご連絡ください。,You do not have permission to access this function. Please contact your administrator for assistance.,You do not have permission to access this function. Please contact your administrator for assistance.,,,,,,,,,,,,,,,,,,,,,
errorMessage/type/nullDefaultCurrency,Default currency not found,未找到默認貨幣,未找到默认货币,既定の通貨が見つかりません,System Error,System Error,,,,,,,,,,,,,,,,,,,,,
common/totalPiece,Total Piece,總件數,总件数,総個数,Total Piece,Total Piece,,,,,,,,,,,,,,,,,,,,,
common/warehouseCode,Warehouse Code,倉庫代碼,仓库代码,上屋コード,Lagercode,Código de almacén,,,,,,,,,,,,,,,,,,,,,
common/generalCargo,General Cargo,一般貨物,一般货物,一般貨物,General Cargo,General Cargo,,,,,,,,,,,,,,,,,,,,,
common/duration,Duration,貨運時間,货运时间,期間,Duration,Duration,,,,,,,,,,,,,,,,,,,,,
common/transitPort,Transit port(s),中轉站,中转站,経由空港,Transit port(s),Transit port(s),,,,,,,,,,,,,,,,,,,,,
common/volumeRoundedOff,Volume is rounded off to 2 decimal places due to the selected airline standard.,根據所選的航空公司標準，體積四捨五入到小數點後兩位。,根據所選的航空公司標準，體積四捨五入到小數點後兩位。,選択した航空会社の基準により、体積は小数点以下2桁に四捨五入されます。,Volume is rounded off to 2 decimal places due to the selected airline standard.,Volume is rounded off to 2 decimal places due to the selected airline standard.,,,,,,,,,,,,,,,,,,,,,
views/searchFlight/departureTimeFrom,Departure Time From,出發時間 (從),出发时间（从）,出発時刻（出発地から）,Departure Time From,Departure Time From,,,,,,,,,,,,,,,,,,,,,
views/searchFlight/searchFlights,Search Flights,搜尋航班,搜寻航班,フライト検索,Buscar vuelos,Flüge suchen,,,,,,,,,,,,,,,,,,,,,
views/searchFlight/weightType,Weight Type,重量類別,重量类别,重量タイプ,Weight Type,Weight Type,,,,,,,,,,,,,,,,,,,,,
views/searchFlight/chooseTemplate,Choose Template,選擇範本,选择模板,テンプレートを選択,Elegir la plantilla,Vorlage auswählen,,,,,,,,,,,,,,,,,,,,,
views/selectFlight/details,Details,詳細資料,详细资料,詳細,Detalles,Details,,,,,,,,,,,,,,,,,,,,,
views/selectFlight/editDetails,Edit Details,編輯,编辑,詳細を編集,Edit Details,Edit Details,,,,,,,,,,,,,,,,,,,,,
views/selectFlight/search,Search,搜尋,搜寻,検索,Buscar,Suche,,,,,,,,,,,,,,,,,,,,,
views/selectFlight/noResult/title,No Result Matched,沒有相關結果,没有相关结果,結果が見つかりませんでした,No Result Matched,No Result Matched,,,,,,,,,,,,,,,,,,,,,
views/selectFlight/noResult/content1,Adjust your search criteria or go to ,調整搜索條件或前往 ,调整搜索条件或前往 ,検索条件を調整するか、次のページへ進んでください,Adjust your search criteria or go to ,Adjust your search criteria or go to ,,,,,,,,,,,,,,,,,,,,,
views/selectFlight/noResult/content2,Search Flight,搜尋航班,搜寻航班,フライト検索,Buscar vuelos,Flug suchen,,,,,,,,,,,,,,,,,,,,,
views/selectFlight/noResult/content3,to start a new search,重新搜索,重新搜索,新しい検索を開始する,to start a new search,to start a new search,,,,,,,,,,,,,,,,,,,,,
views/selectFlight/noResult/content4,"Adjust your search criteria, ",調整搜索條件，,调整搜索条件，,検索条件を調整する,"Adjust your search criteria, ","Adjust your search criteria, ",,,,,,,,,,,,,,,,,,,,,
views/selectFlight/noResult/content5,your settings or go to ,篩選條件或 ,筛选条件或 ,設定を調整するか、次のページへ進んでください,your settings or go to ,your settings or go to ,,,,,,,,,,,,,,,,,,,,,
views/selectFlight/sortBy,Sort By,排序方式,排序方式,並び替え,Sort By,Sort By,,,,,,,,,,,,,,,,,,,,,
views/selectFlight/departureTime,Departure Time,出發時間,出发时间,出発時間,Departure Time,Departure Time,,,,,,,,,,,,,,,,,,,,,
views/selectFlight/arrivalTime,Arrival Time,抵達時間,抵达时间,到着時間,Arrival Time,Arrival Time,,,,,,,,,,,,,,,,,,,,,
views/selectFlight/allFlight,All Flight,所有航班,所有航班,全てのフライト,All Flight,All Flight,,,,,,,,,,,,,,,,,,,,,
views/selectFlight/directFlight,Direct Flight,直航,直航,直行便,Direct Flight,Direct Flight,,,,,,,,,,,,,,,,,,,,,
views/selectFlight/ratesMessage,"Rates shown below are all-in (e.g. surcharge and other charge, if applicable)",顯示的價格為全含運費 (例如附加費用及其他費用，如適用),显示的价格为全含运费 (例如附加费用及其他费用，如適用),下記の運賃はすべて含まれています（例：サーチャージやその他の運賃が適用される場合）,"Rates shown below are all-in (e.g. surcharge and other charge, if applicable)","Rates shown below are all-in (e.g. surcharge and other charge, if applicable)",,,,,,,,,,,,,,,,,,,,,
views/completeBooking/departOn,depart on,出發日期,出发日期,出発日,depart on,depart on,,,,,,,,,,,,,,,,,,,,,
views/completeBooking/edit,Edit,編輯,编辑,編集,Editar,bearbeiten,,,,,,,,,,,,,,,,,,,,,
views/completeBooking/disclaimer/title,Disclaimer,免責聲明,免责声明,免責事項,Disclaimer,Disclaimer,,,,,,,,,,,,,,,,,,,,,
views/completeBooking/termsAndConditions/title,Terms and Conditions,條款及細則,条款及细则,利用規約,Terms and Conditions,Terms and Conditions,,,,,,,,,,,,,,,,,,,,,
views/completeBooking/termsAndConditions/content,I have read and accepted the disclaimer,已閱讀並接受免責聲明,已阅读并接受免责声明,免責事項を読み、承諾しました,I have read and accepted the disclaimer,I have read and accepted the disclaimer,,,,,,,,,,,,,,,,,,,,,
views/completeBooking/submit,Submit,提交,提交,送信,Enviar,Anfragen,,,,,,,,,,,,,,,,,,,,,
views/completeBooking/rateChangedReminder/content2,Total rate change to { totalCosts },總額為 { totalCosts },总额为 { totalCosts },総額は { totalCosts } に変更されました,Total rate change to { totalCosts },Total rate change to { totalCosts },,,,,,,,,,,,,,,,,,,,,
views/completeBooking/rateChangedReminder/okButton1,Proceed to Booking,前往訂艙,前往订舱,予約に進む,Proceed to Booking,Proceed to Booking,,,,,,,,,,,,,,,,,,,,,
views/completeBooking/rateChangedReminder/okButton2,Proceed to Submit,前往提交,前往提交,送信に進む,Proceed to Submit,Proceed to Submit,,,,,,,,,,,,,,,,,,,,,
views/completeBooking/rateChangedReminder/cancelButton,Back to Compare Flights,返回比較航班報價,返回比较航班报价,フライト比較に戻る,Back to Compare Flights,Back to Compare Flights,,,,,,,,,,,,,,,,,,,,,
views/completeBooking/flightNotAvailableReminder/title,Flight Not Available,航班不適用,航班不适用,フライトは利用できません,Flight Not Available,Flight Not Available,,,,,,,,,,,,,,,,,,,,,
views/completeBooking/flightNotAvailableReminder/content1,"The selected flight is not available, please select another flight.",所選航班不適用，請選擇其他航班,所选航班不适用，请选择其他航班,選択されたフライトは利用できません。別のフライトを選択してください,"The selected flight is not available, please select another flight.","The selected flight is not available, please select another flight.",,,,,,,,,,,,,,,,,,,,,
views/completeBooking/flightNotAvailableReminder/okButton,Remove the SHC and submit booking,Remove the SHC and submit booking,Remove the SHC and submit booking,Remove the SHC and submit booking,Remove the SHC and submit booking,Remove the SHC and submit booking,,,,,,,,,,,,,,,,,,,,,
views/completeBooking/flightNotAvailableReminder/okButton,Remove code and submit,移除代碼並提交,移除代码并提交,コードを削除して送信,Remove code and submit,Remove code and submit,,,,,,,,,,,,,,,,,,,,,
views/completeBooking/flightNotAvailableReminder/cancelButton,Back to Compare Flights,返回比較航班報價,返回比较航班报价,フライト比較に戻る,Back to Compare Flights,Back to Compare Flights,,,,,,,,,,,,,,,,,,,,,
views/completeBooking/share,Share,分享,分享,共有,Share,Share,,,,,,,,,,,,,,,,,,,,,
views/completeBooking/print,Print,列印,列印,印刷,Print,Print,,,,,,,,,,,,,,,,,,,,,
views/completeBooking/timerTitle,Submit booking to secure the space,提交訂艙以保證艙位,提交订舱以保证舱位,スペースを確保するために予約を送信する,Submit booking to secure the space,Submit booking to secure the space,,,,,,,,,,,,,,,,,,,,,
views/bookingResult/title,Booking Result,訂艙結果,订舱结果,予約結果,Booking Result,Booking Result,,,,,,,,,,,,,,,,,,,,,
views/bookingResult/viewDetails,View Details,查看詳情,查看详情,詳細を表示,View Details,View Details,,,,,,,,,,,,,,,,,,,,,
views/bookingResult/notApplicable,N.A.,N.A.,N.A.,N.A.,N.A.,N.A.,,,,,,,,,,,,,,,,,,,,,
views/bookingResult/serviceLevel,Service Level,服務級別,服务等级,サービスレベル,Nivel de servicio,Service Level,,,,,,,,,,,,,,,,,,,,,
views/bookingResult/allBookingLog,All Booking Log,所有訂艙記錄,所有订舱记录,全ての予約ログ,Todos los registros de reservas,Alle Buchungsprotokolle,,,,,,,,,,,,,,,,,,,,,
views/bookingResult/newBooking,New Booking,重新搜索,重新搜索,新しい予約,New Booking,New Booking,,,,,,,,,,,,,,,,,,,,,
views/bookingResult/status/error,Please correct the error and resubmit the booking,請更正錯誤和重新提交訂艙,请更正错误和重新提交订舱,エラーを修正して予約を再提出してください,Please correct the error and resubmit the booking,Please correct the error and resubmit the booking,,,,,,,,,,,,,,,,,,,,,
views/bookingResult/status/confirmed,Confirmed,訂艙確認,订舱确认,確認済み,Confirmed,Confirmed,,,,,,,,,,,,,,,,,,,,,
views/bookingResult/status/waitlist,Waitlist,Waitlist,Waitlist,待機リスト,Waitlist,Waitlist,,,,,,,,,,,,,,,,,,,,,
views/bookingResult/status/cancel,Cancellation noted,Cancellation noted,Cancellation noted,キャンセルが明記されています,Cancellation noted,Cancellation noted,,,,,,,,,,,,,,,,,,,,,
views/bookingResult/status/notOperate,Flight Does not operate,Flight Does not operate,Flight Does not operate,飛行機が運航しない,Flight Does not operate,Flight Does not operate,,,,,,,,,,,,,,,,,,,,,
views/bookingResult/status/submitted,Booking Submitted,訂艙已提交,订舱已提交,予約が送信されました,Reserva tramitada,Buchung angefragt,,,,,,,,,,,,,,,,,,,,,
views/bookingResult/message/underWaitlist,Under Waitlist,Under Waitlist,Under Waitlist,待機リストの下,Under Waitlist,Under Waitlist,,,,,,,,,,,,,,,,,,,,,
views/bookingResult/message/sales,Sales Request Received,Sales Request Received,Sales Request Received,販売リクエストを受信しました,Sales Request Received,Sales Request Received,,,,,,,,,,,,,,,,,,,,,
views/bookingResult/message/cancel,Cancellation noted,Cancellation noted,Cancellation noted,キャンセルが明記されています,Cancellation noted,Cancellation noted,,,,,,,,,,,,,,,,,,,,,
views/bookingResult/message/confirmed,Space Confirmed,Space Confirmed,Space Confirmed,確認済みスペース,Space Confirmed,Space Confirmed,,,,,,,,,,,,,,,,,,,,,
views/bookingResult/message/inProgress,Request in progress,Request in progress,Request in progress,リクエストが進行中,Request in progress,Request in progress,,,,,,,,,,,,,,,,,,,,,
components/flightDetails/title,Flight Details,Flight Details,Flight Details,Flight Details,Flight Details,Flight Details,,,,,,,,,,,,,,,,,,,,,
components/flightDetails/essentialFirst,First(PR1),一級 (PR1),一级 (PR1),First(PR1),First(PR1),First(PR1),,,,,,,,,,,,,,,,,,,,,
components/flightDetails/essentialPlus,Essential Plus(PR2),優越 (PR2),优越 (PR2),Essential Plus(PR2),Essential Plus(PR2),Essential Plus(PR2),,,,,,,,,,,,,,,,,,,,,
components/flightDetails/essential,Essential (PR3),標準 (PR3),标准 (PR3),Essential (PR3),Essential (PR3),Essential (PR3),,,,,,,,,,,,,,,,,,,,,
components/flightDetails/standard,Standard,標準,标准,Standard,Standard,Standard,,,,,,,,,,,,,,,,,,,,,
components/flightDetails/duration,Duration,運貨時間,运货时间,運送時間,Duration,Duration,,,,,,,,,,,,,,,,,,,,,
components/cargoDetails/title,Cargo Details,貨物資料,货物资料,Cargo Details,Cargo Details,Cargo Details,,,,,,,,,,,,,,,,,,,,,
components/rateSummary/title,Rate Summary,價格概要,价格概要,運賃の概要,Rate Summary,Rate Summary,,,,,,,,,,,,,,,,,,,,,
components/rateDetails/truckCost,Truck Rate,卡車費用,卡车费用,トラック運賃,Truck Cost,Truck Cost,,,,,,,,,,,,,,,,,,,,,
components/rateDetails/otherCharge,Other Charge,其他費用,其他费用,その他の運賃,Other Charge,Other Charge,,,,,,,,,,,,,,,,,,,,,
components/booking/title,Booking,訂艙,订舱,予約,Reserva,Buchung,,,,,,,,,,,,,,,,,,,,,
components/booking/requiredFields,Required fields,必填,必填,必須項目,Campos requeridos,Benötigte Felder,,,,,,,,,,,,,,,,,,,,,
components/booking/invalidGoodsDescription,Invalid Goods Description,貨品種類無效,无效货品种类,品名が無効です,Descpción de mercancía incorrecta,Ungültige Warenbeschreibung,,,,,,,,,,,,,,,,,,,,,
components/booking/invalidSHC,Invalid Special Handling Code,特殊處理代碼無效,无效特殊处理代码,Invalid Special Handling Code,Invalid Special Handling Code,Invalid Special Handling Code,,,,,,,,,,,,,,,,,,,,,
components/shipmentDetail/title,Shipment Details,貨物資料,货物资料,輸送詳細,Shipment Details,Shipment Details,,,,,,,,,,,,,,,,,,,,,
components/shipmentDetail/weightType,Weight Type,重量類別,重量类别,重量タイプ,Weight Type,Weight Type,,,,,,,,,,,,,,,,,,,,,
components/shipmentDetail/nonStackable,Non-Stackable,不可堆叠,不可堆叠,段積み禁止,No apilable,nicht stapelbar,,,,,,,,,,,,,,,,,,,,,
components/shipmentDetail/addPieceGroup,Add piece group,增加件組,增加件组,アイテムグループを追加,Add piece group,Add piece group,,,,,,,,,,,,,,,,,,,,,
components/shipmentDetailItem/invalidPiece,Invalid Piece,件數無效,无效件数,個数が無効です,Piezas incorrectas,Ungültige Stückzahl,,,,,,,,,,,,,,,,,,,,,
components/shipmentDetailItem/invalidLength,Invalid Length,長度無效,长度无效,長さ無効です,Invalid Length,Invalid Length,,,,,,,,,,,,,,,,,,,,,
components/shipmentDetailItem/invalidWidth,Invalid Width,寬度無效,宽度无效,幅無効です,Invalid Width,Invalid Width,,,,,,,,,,,,,,,,,,,,,
components/shipmentDetailItem/invalidHeight,Invalid Height,高度無效,高度无效,高さ無効です,Invalid Height,Invalid Height,,,,,,,,,,,,,,,,,,,,,
components/shipmentDetailItem/invalidVolume,Invalid Volume,體積無效,无效体积,ボリュームが無効です,Volumen incorrecto,Invalid Volume,,,,,,,,,,,,,,,,,,,,,
components/shipmentDetailItem/invalidWeight,Invalid Weight,重量無效,无效重量,重量が無効です,Peso incorrecto,Ungültiges Gewicht,,,,,,,,,,,,,,,,,,,,,
components/shipmentDetailItem/copy,Copy,複製,复制,コピー,Copy,Copy,,,,,,,,,,,,,,,,,,,,,
components/shipmentDetailItem/clear,Clear,清除,清除,クリア,Clear,Clear,,,,,,,,,,,,,,,,,,,,,
components/settings/title,Settings,篩選條件,筛选条件,設定,Settings,Settings,,,,,,,,,,,,,,,,,,,,,
components/settings/resetAll,Reset All,全部重設,全部重设,全てリセット,Reset All,Reset All,,,,,,,,,,,,,,,,,,,,,
components/settings/reset,Reset,重設,重设,リセット,Reset,Reset,,,,,,,,,,,,,,,,,,,,,
components/settings/time,Time,時間,时间,時間,Tiempo,Zeit,,,,,,,,,,,,,,,,,,,,,
components/settings/departureTime,Departure Time,出發時間,出发时间,出発時間,Departure Time,Departure Time,,,,,,,,,,,,,,,,,,,,,
components/settings/arrivalTime,Arrival Time,抵達時間,抵达时间,到着時間,Arrival Time,Arrival Time,,,,,,,,,,,,,,,,,,,,,
components/settings/airlines,Airlines,航空公司,航空公司,航空会社,Aerolínea,Airlines,,,,,,,,,,,,,,,,,,,,,
components/settings/allServiceMode,All,所有,所有,すべて,All,All,,,,,,,,,,,,,,,,,,,,,
components/settings/airAndVessel,Air and Vessel,空運及海運,空运及海运,空輸と海運,Air and Vessel,Air and Vessel,,,,,,,,,,,,,,,,,,,,,
components/settings/airAndTruck,Air and Truck,空運及陸運,空运及陆运,空輸とトラック,Air and Truck,Air and Truck,,,,,,,,,,,,,,,,,,,,,
components/settings/airOnly,Air Only,空運,空运,空輸のみ,Air Only,Air Only,,,,,,,,,,,,,,,,,,,,,
components/settings/currency,Currency,幣別,币别,通貨,Currency,Currency,,,,,,,,,,,,,,,,,,,,,
components/settings/any,Any,不限,不限,任意,Any,Any,,,,,,,,,,,,,,,,,,,,,
components/settings/departureTimeTooltip,Please go back to Search Flight to adjust the departure time from,請回到搜尋航班頁面調整出發時間(從),请返回搜索航班页面调整出发时间(从),出発時間を調整するために、検索フライトに戻ってください,Please go back to Search Flight to adjust the departure time from,Please go back to Search Flight to adjust the departure time from,,,,,,,,,,,,,,,,,,,,,
components/flightCard/flightDetails,Flight Details,Flight Details,Flight Details,Flight Details,Flight Details,Flight Details,,,,,,,,,,,,,,,,,,,,,
components/flightCard/allotment,Allotment,艙位,舱位,割り当て,Allotment,Allotment,,,,,,,,,,,,,,,,,,,,,
components/flightCard/instantConfirmation,Instant Confirmation,艙位即時確認,舱位即时确认,即時確認,Instant Confirmation,Instant Confirmation,,,,,,,,,,,,,,,,,,,,,
components/flightCard/details,Details,詳情,详情,詳細,Details,Details,,,,,,,,,,,,,,,,,,,,,
components/flightCard/contactSales,Contact Airline for Rate,聯繫航空公司獲取價格,联系航空公司获取价格,運賃の確認のために航空会社に連絡してください,Contact Airline for Rate,Contact Airline for Rate,,,,,,,,,,,,,,,,,,,,,
components/flightCard/up,up,起,起,以上,up,up,,,,,,,,,,,,,,,,,,,,,
components/flightCard/numOfService,{service} options available,{service} 選項可訂,{service} 选项可订,{service} のオプションが利用可能です,{service} rates available,{service} rates available,,,,,,,,,,,,,,,,,,,,,
components/flightCard/exceedLimit,Exceed limit,超過限制,超过限制,限界を超える,Exceed limit,Exceed limit,,,,,,,,,,,,,,,,,,,,,
components/flightCard/general,General,一般貨物,一般货物,一般貨物,General,General,,,,,,,,,,,,,,,,,,,,,
components/flightCard/book,Book,訂艙,订舱,予約,Reservas,Buchungen,,,,,,,,,,,,,,,,,,,,,
components/flightCardDetail/stopover,Stopover,中轉站,中转站,途中停留,Stopover,Stopover,,,,,,,,,,,,,,,,,,,,,
components/departureDateSelector/invalidDepartureDate,Invalid Departure Date,出發日期無效,出发日期无效,出発日が無効です,Invalid Departure Date,Invalid Departure Date,,,,,,,,,,,,,,,,,,,,,
components/departureDateSelector/daysShort/monday,M,一,一,月,M,M,,,,,,,,,,,,,,,,,,,,,
components/departureDateSelector/daysShort/tuesday,T,二,二,火,T,T,,,,,,,,,,,,,,,,,,,,,
components/departureDateSelector/daysShort/wednesday,W,三,三,水,W,W,,,,,,,,,,,,,,,,,,,,,
components/departureDateSelector/daysShort/thursday,T,四,四,木,T,T,,,,,,,,,,,,,,,,,,,,,
components/departureDateSelector/daysShort/friday,F,五,五,金,F,F,,,,,,,,,,,,,,,,,,,,,
components/departureDateSelector/daysShort/saturday,S,六,六,土,S,S,,,,,,,,,,,,,,,,,,,,,
components/departureDateSelector/daysShort/sunday,S,日,日,日,S,S,,,,,,,,,,,,,,,,,,,,,
components/airportInfo/nearbyTooltip,Include nearby airport results,包含附近機場的航班結果,包含附近机场的航班结果,近隣空港の結果を含める,Include nearby airport results,Include nearby airport results,,,,,,,,,,,,,,,,,,,,,
components/timer/min,min,分,分,分,min,min,,,,,,,,,,,,,,,,,,,,,
components/timer/sec,sec,秒,秒,秒,sec,sec,,,,,,,,,,,,,,,,,,,,,
components/SQRequirements/volumeDoesNotMatch,Dimensional volume does not match the total volume,尺寸體積與總體積不符,尺寸體積與總體積不符,寸法の体積が総体積と一致しません,Dimensional volume does not match the total volume,Dimensional volume does not match the total volume,,,,,,,,,,,,,,,,,,,,,
components/SQRequirements/requiredRemarks,Dimensional volume must match with Shipment Detail on Search Flight page,尺寸體積必須符合搜索航班頁面的總體積,尺寸体积必须符合搜索航班页面的总体积,寸法の体積は、検索フライトページの輸送詳細と一致する必要があります,Dimensional volume must match with Shipment Detail on Search Flight page,Dimensional volume must match with Shipment Detail on Search Flight page,,,,,,,,,,,,,,,,,,,,,
components/SQRequirements/SQToolTip,Dimension is required for { airlineFullName } booking,尺寸為{ airlineFullName }的訂艙要求,尺寸为{ airlineFullName }的订舱要求,{ airlineFullName } の予約には寸法が必要です,Dimension is required for { airlineFullName } booking,Dimension is required for { airlineFullName } booking,,,,,,,,,,,,,,,,,,,,,
components/flightRouteSelector/airport,Airport,機場,机场,空港,Airport,Airport,,,,,,,,,,,,,,,,,,,,,
components/flightRouteSelector/searchHistory,Search History,搜尋紀錄,搜寻纪录,検索履歴,Search History,Search History,,,,,,,,,,,,,,,,,,,,,
components/flightRouteSelector/routing,Routing,航線,航线,航路,Routing,Routing,,,,,,,,,,,,,,,,,,,,,
components/flightRouteSelector/cargoDetails,Cargo Details,貨物資料,货物资料,貨物詳細,Cargo Details,Cargo Details,,,,,,,,,,,,,,,,,,,,,
components/flightRouteSelector/directFlight,Direct Flight,直航,直航,直行便,Direct Flight,Direct Flight,,,,,,,,,,,,,,,,,,,,,
components/flightRouteSelector/notMatch,No result matched,沒有相關結果,没有相关结果,該当する結果はありません,No result matched,No result matched,,,,,,,,,,,,,,,,,,,,,
components/flightRouteSelector/notFoundHistory,No search history,沒有搜尋紀錄,没有搜寻纪录,検索履歴がありません,No search history,No search history,,,,,,,,,,,,,,,,,,,,,
components/flightRouteSelector/keyInAirportCode,Please key in airport code for search,請輸入機場代碼進行搜尋,请输入机场代码进行搜寻,検索するために空港コードを入力してください,Please key in airport code for search,Please key in airport code for search,,,,,,,,,,,,,,,,,,,,,
components/templateDialog/title,Template,範本,模板,テンプレート,Template,Template,,,,,,,,,,,,,,,,,,,,,
components/templateDialog/templateName,Template Name,範本名稱,模板名称,テンプレート名,Template Name,Template Name,,,,,,,,,,,,,,,,,,,,,
components/templateDialog/routing,Routing,航線,航线,航路,Routing,Routing,,,,,,,,,,,,,,,,,,,,,
components/templateDialog/cargoDetails,Cargo Details,貨物資料,货物资料,貨物詳細,Cargo Details,Cargo Details,,,,,,,,,,,,,,,,,,,,,
components/templateDialog/directFlight,Direct Flight,直航,直航,直行便,Direct Flight,Direct Flight,,,,,,,,,,,,,,,,,,,,,
components/templateDialog/noRecord,No template record,沒有範本紀錄,没有模板纪录,テンプレートの記録がありません,No template record,No template record,,,,,,,,,,,,,,,,,,,,,
components/saveTemplateDialog/title,Save as Template,保存為範本,保存为模板,テンプレートとして保存,Guardar como plantilla,als Vorlage speichern,,,,,,,,,,,,,,,,,,,,,
components/saveTemplateDialog/apiResponse/success,Template is saved,範本已保存,模板已保存,テンプレートは保存されます,Plantilla guardada,Vorlage ist gespeichert.,,,,,,,,,,,,,,,,,,,,,
components/saveTemplateDialog/apiResponse/duplicatedName,You have already used this template name,您已經使用過該範本名稱,您已经使用过该模板名称,このテンプレート名は既に使用されています,You have already used this template name,You have already used this template name,,,,,,,,,,,,,,,,,,,,,
components/saveTemplateDialog/apiResponse/overTemplateLimit,You have reached the maximum number of templates,您的範本數量已達到上限,您的模板数量已达到上限,テンプレートの最大数に達しました,You have reached the maximum number of templates,You have reached the maximum number of templates,,,,,,,,,,,,,,,,,,,,,
components/airwayBillStockLookupDialog/title,Air Waybill Stock Lookup,空運提單庫存查詢,空运提单库存查询,エアウエイビルストック確認,Búsqueda de stock,AWB-Nummernkreis Überblick,,,,,,,,,,,,,,,,,,,,,
components/airwayBillStockLookupDialog/airwayBill,Air Waybill,空運提單,空运提单,エアウエイビル,Air Waybill,Air Waybill,,,,,,,,,,,,,,,,,,,,,
components/airwayBillStockLookupDialog/noRecord,No Record Found,沒有記錄,没有记录,記録なし,No Record Found,No Record Found,,,,,,,,,,,,,,,,,,,,,
components/airwayBillStockLookupDialog/numberOfResults,{number} results,{number} 搜尋結果,{number} 搜寻结果,{number} 件の結果,{number} results,{number} results,,,,,,,,,,,,,,,,,,,,,
components/airwayBillStockLookupDialog/stockLookup,Stock Lookup,庫存查找,库存查找,ストック照会,Búsqueda de stock,AWB-Nummernkreis Überblick,,,,,,,,,,,,,,,,,,,,,
errorMessage/general,Please wait for a while and try again.,請稍後片刻，然後再嘗試。,请稍后片刻，然后再尝试。,しばらくお待ちいただき、もう一度お試しください,Please wait for a while and try again.,Please wait for a while and try again.,,,,,,,,,,,,,,,,,,,,,
errorMessage/reLogin,Please re-login (refresh) and try again.,請重新登入(刷新頁面)，然後再嘗試。,请重新登入(刷新页面)，然后再尝试。,再度ログイン（更新）してもう一度お試しください,Please re-login (refresh) and try again.,Please re-login (refresh) and try again.,,,,,,,,,,,,,,,,,,,,,
errorMessage/booking,"Your booking request has been submitted. For latest booking status, please view in Booking Log.",您的訂艙訊息已提交。有關最新訂艙狀態，請到訂艙記錄查看。,您的订舱信息已提交。有关最新订舱状态，请到订舱记录查看。,予約リクエストが送信されました。最新の予約状況については、予約ログでご確認ください,"Your booking request has been submitted. For latest booking status, please view in Booking Log.","Your booking request has been submitted. For latest booking status, please view in Booking Log.",,,,,,,,,,,,,,,,,,,,,
errorMessage/flightUnavailable,"The flight you are looking for is currently unavailable, please try again.",你所查詢的航班資料暫時未能提供，請稍後再試。, 你所查询的航班资料暂时未能提供，请稍后再试。,ご希望のフライトは現在利用できません。もう一度お試しください。,"The flight you are looking for is currently unavailable, please try again.","The flight you are looking for is currently unavailable, please try again.",,,,,,,,,,,,,,,,,,,,,
errorMessage/sessionExpired,Your session expired. Please logout and re-login EzyCargo again,你的操作已逾時，請登出然後重新登入EzyCargo,你的操作已逾时，请登出然后重新登录EzyCargo,セッションが切れました。EzyCargoからログアウトし、再度ログインしてください。,Your session expired. Please logout and re-login EzyCargo again,Your session expired. Please logout and re-login EzyCargo again,,,,,,,,,,,,,,,,,,,,,
errorMessage/redirectedToLogin,You will be redirected to login page.,您將被重定向到登入頁面,您将被重定向到登入页面,ログインページにリダイレクトされます。,You will be redirected to login page.,You will be redirected to login page.,,,,,,,,,,,,,,,,,,,,,
errorMessage/currency,Please contact the company admin to update the currency in company profile. System will display rate based on {currency}.,請聯繫公司管理員更新公司資料中的貨幣。 系統會以{currency}顯示訂艙價格。,请联系公司管理员更新公司资料中的货币。系统会以{currency}显示订舱价格。,会社の管理者に連絡して、会社プロフィールの通貨を更新してください。システムは{currency}に基づいて運賃を表示します。,Please contact the company admin to update the currency in company profile. System will display rate based on {currency}.,Please contact the company admin to update the currency in company profile. System will display rate based on {currency}.,,,,,,,,,,,,,,,,,,,,,
errorMessage/type/unauthorizedAccess,Access Denied,訪問被拒絕,访问被拒绝,アクセスが拒否されました,Access Denied,Access Denied,,,,,,,,,,,,,,,,,,,,,
errorMessage/type/sessionExpired,Session Expired,登入時間過長,登入时间过长,セッションが期限切れです,Session Expire,Session Expire,,,,,,,,,,,,,,,,,,,,,
errorMessage/type/unavailableService,Unavailable Service,系統錯誤,系統错误,利用できないサービスです,Unavailable Service,Unavailable Service,,,,,,,,,,,,,,,,,,,,,
common/piece,Pieces,數量,数量,個数,Piezas,Stückzahl,,,,,,,,,,,,,,,,,,,,,
common/pc,PC(S),件,件,個,Piezas,Stück,,,,,,,,,,,,,,,,,,,,,
common/dimensions,Dimensions,尺寸,尺寸,サイズ,Dimensions,Abmessungen,,,,,,,,,,,,,,,,,,,,,
common/totalDimensions,Total Dimensions,總尺寸,总尺寸,総寸法,Total Dimensions,Total Dimensions,,,,,,,,,,,,,,,,,,,,,
common/weight,Weight,重量,重量,重量,Peso,Gewicht,,,,,,,,,,,,,,,,,,,,,
common/totalWeight,Total Weight,總重量,总重量,総重量,Total Weight,Total Weight,,,,,,,,,,,,,,,,,,,,,
common/volume,Volume,體積,体积,ボリューム,Volumen,Volumen,,,,,,,,,,,,,,,,,,,,,
common/totalVolume,Total Volume,總體積,总体积,総体積,Total Volume,Total Volume,,,,,,,,,,,,,,,,,,,,,
common/goodsDescription,Goods Description,貨品種類,货品种类,品名,Descripción de mercancia,Warenbeschreibung,,,,,,,,,,,,,,,,,,,,,
common/specialHandlingCode,Special Handling Code,特殊處理代碼,特殊处理代码,スペシャルハンドリングコード,Código de manipulación especial,Special Handling Code,,,,,,,,,,,,,,,,,,,,,
common/remarks,Remarks,備註,备注,備考,Observaciones,Bemerkungen,,,,,,,,,,,,,,,,,,,,,
common/total,Total,總計,总计,合計,Total,Gesamt,,,,,,,,,,,,,,,,,,,,,
common/notAvailable,Not available,無法提供,无法提供,利用できません,Not available,Not available,,,,,,,,,,,,,,,,,,,,,
common/airlineRequirements,Airline Requirement,航空公司要求,航空公司要求,航空会社の要件,Airline Requirement,Airline Requirement,,,,,,,,,,,,,,,,,,,,,
common/dimensionalVolume,Dimensional volume,尺寸體積,尺寸体积,寸法の体積,Dimensional volume,Dimensional volume,,,,,,,,,,,,,,,,,,,,,
common/commodity,Commodity,商品,商品,商品,Commodity,Commodity,,,,,,,,,,,,,,,,,,,,,
common/consolidation,Consolidation,Consolidation,Consolidation,Consolidation,Consolidation,Consolidation,,,,,,,,,,,,,,,,,,,,,
common/generalCargoNormalHandling,General Cargo - Normal Handling,General Cargo - Normal Handling,General Cargo - Normal Handling,General Cargo - Normal Handling,General Cargo - Normal Handling,General Cargo - Normal Handling,,,,,,,,,,,,,,,,,,,,,
common/stackable,Stackable,可堆疊,可堆叠,積み重ね可能,Stackable,Stackable,,,,,,,,,,,,,,,,,,,,,
common/chargeableWeight,Chargeable Weight,計費重量,计费重量,課金重量,Chargeable Weight,Chargeable Weight,,,,,,,,,,,,,,,,,,,,,
common/from,From,由,从,出発地,Desde,Von,,,,,,,,,,,,,,,,,,,,,
common/to,To,到,到,到着地,A,nach,,,,,,,,,,,,,,,,,,,,,
common/departureDate,Departure Date,出發日期,出发日期,出発日,Departure Date,Departure Date,,,,,,,,,,,,,,,,,,,,,
common/origin,Origin,出發地,出发地,出発地,Origen,Abflughafen,,,,,,,,,,,,,,,,,,,,,
common/destination,Destination,目的地,目的地,到着地,Destino,Zielflughafen,,,,,,,,,,,,,,,,,,,,,
common/length,Length,長度,长度,長さ,Largo,Länge,,,,,,,,,,,,,,,,,,,,,
common/lengthShort,L,長,长,L,L,L,,,,,,,,,,,,,,,,,,,,,
common/width,Width,寬度,宽度,幅,Anchura,Breite,,,,,,,,,,,,,,,,,,,,,
common/widthShort,W,寬,宽,W,W,W,,,,,,,,,,,,,,,,,,,,,
common/height,Height,高度,高度,高さ,Altura,Höhe,,,,,,,,,,,,,,,,,,,,,
common/heightShort,H,高,高,H,H,H,,,,,,,,,,,,,,,,,,,,,
common/cm,CM,厘米,厘米,CM,CM,CM,,,,,,,,,,,,,,,,,,,,,
common/in,IN,寸,寸,IN,IN,IN,,,,,,,,,,,,,,,,,,,,,
common/mc,MC,MC,MC,MC,MC,MC,,,,,,,,,,,,,,,,,,,,,
common/cf,CF,CF,CF,CF,CF,CF,,,,,,,,,,,,,,,,,,,,,
common/kg,KG,公斤,公斤,KG,KG,KG,,,,,,,,,,,,,,,,,,,,,
common/lb,LB,磅,磅,LB,LB,LB,,,,,,,,,,,,,,,,,,,,,
common/invalidOrigin,Invalid Origin,出發地無效,无效出发地,出発地が無効です,Origen no válido,Ungültiger Abflughafen,,,,,,,,,,,,,,,,,,,,,
common/invalidDestination,Invalid Destination,目的地無效,无效目的地,到着地が無効です,Destino no válido,Ungültiger Zielflughafen,,,,,,,,,,,,,,,,,,,,,
common/flight,Flight,航班,航班,フライト,Vuelos,Flüge,,,,,,,,,,,,,,,,,,,,,
common/airAndTruck,Air and Truck,空運及陸運,空运及陆运,Air and Truck,Air and Truck,Air and Truck,,,,,,,,,,,,,,,,,,,,,
common/airOnly,Air Only,空運,空运,Air Only,Air Only,Air Only,,,,,,,,,,,,,,,,,,,,,
common/air,Air,空運,空运,空輸,Air,Air,,,,,,,,,,,,,,,,,,,,,
common/truck,Truck,陸運,陆运,トラック,Truck,Truck,,,,,,,,,,,,,,,,,,,,,
common/vessel,Vessel,海運,海运,海運,Vessel,Vessel,,,,,,,,,,,,,,,,,,,,,
common/invalidCommodity,Invalid Commodity,Invalid Commodity,Invalid Commodity,Invalid Commodity,Invalid Commodity,Invalid Commodity,,,,,,,,,,,,,,,,,,,,,
common/ok,OK,OK,OK,OK,OK,OK,,,,,,,,,,,,,,,,,,,,,
common/cancel,Cancel,取消,取消,キャンセル,Cancelar,Stornieren,,,,,,,,,,,,,,,,,,,,,
common/save,Save,保存,保存,保存,Grabar,speichern,,,,,,,,,,,,,,,,,,,,,
common/lengthOfDigits,{length} digits,{length} 數字,{length} 数字,{length}桁,{length} digits,{length} digits,,,,,,,,,,,,,,,,,,,,,
common/lengthOfCharacters,{length} characters,{length} 字元,{length} 字元,{length}文字,{length} characters,{length} characters,,,,,,,,,,,,,,,,,,,,,
common/maxLengthOfCharacters,Max. { length } characters,最長. { length }字元,最长. { length }字元,最大{ length }文字,Max. { length } characters,Max. { length } characters,,,,,,,,,,,,,,,,,,,,,
common/pleaseSelect,Please Select,請選擇,請選擇,選択してください,Please Select,Please Select,,,,,,,,,,,,,,,,,,,,,
common/pleaseWait,Please wait...,請稍候片刻...,请稍候片刻...,お待ちください...,Please wait...,Please wait...,,,,,,,,,,,,,,,,,,,,,
common/cathaySolution,Cathay Solution,Cathay Solution,Cathay Solution,Cathay Solution,Cathay Solution,Cathay Solution,,,,,,,,,,,,,,,,,,,,,
common/airlines/CX,Cathay Pacific Airways,國泰航空,国泰航空,Cathay Pacific Airways,Cathay Pacific Airways,Cathay Pacific Airways,,,,,,,,,,,,,,,,,,,,,
common/airlines/JL,Japan Airlines,日本航空,日本航空,Japan Airlines,Japan Airlines,Japan Airlines,,,,,,,,,,,,,,,,,,,,,
common/airlines/LX,Swiss International Air Lines,瑞士國際航空,瑞士国际航空,Swiss International Air Lines,Swiss International Air Lines,Swiss International Air Lines,,,,,,,,,,,,,,,,,,,,,
common/airlines/NH,All Nippon Airways,全日本空輸,全日本空输,All Nippon Airways,All Nippon Airways,All Nippon Airways,,,,,,,,,,,,,,,,,,,,,
common/airlines/SQ,Singapore Airlines,新加坡航空,新加坡航空,Singapore Airlines,Singapore Airlines,Singapore Airlines,,,,,,,,,,,,,,,,,,,,,
common/airlines/BR,EVA Airways Corporation,長榮航空,长荣航空,EVA Airways Corporation,EVA Airways Corporation,EVA Airways Corporation,,,,,,,,,,,,,,,,,,,,,
common/airlines/CI,China Airlines,中華航空,中华航空,China Airlines,China Airlines,China Airlines,,,,,,,,,,,,,,,,,,,,,
common/airlines/JX,Starlux,星宇航空,星宇航空,Starlux,Starlux,Starlux,,,,,,,,,,,,,,,,,,,,,
common/airlines/UO,Hong Kong Express Airways,香港快運航空,香港快运航空,Hong Kong Express Airways,Hong Kong Express Airways,Hong Kong Express Airways,,,,,,,,,,,,,,,,,,,,,
common/currencies/TWD,TWD,新臺幣,新台币,TWD,TWD,TWD,,,,,,,,,,,,,,,,,,,,,
common/currencies/JPY,JPY,日圓,日圆,JPY,JPY,JPY,,,,,,,,,,,,,,,,,,,,,
common/currencies/INR,INR,盧比,卢比,INR,INR,INR,,,,,,,,,,,,,,,,,,,,,
common/currencies/HKD,HKD,港元,港元,HKD,HKD,HKD,,,,,,,,,,,,,,,,,,,,,